customer_id,age,gender,account_type,country,is_active,signup_date
1,56,Female,basic,France,True,2025-05-26
2,69,Female,premium,Spain,True,2022-07-09
3,46,Male,basic,Netherlands,True,2024-09-07
4,32,Male,business,Netherlands,True,2023-06-30
5,60,Female,premium,Germany,True,2022-02-10
6,25,Male,premium,Italy,True,2022-11-03
7,78,Male,premium,Netherlands,False,2024-07-31
8,38,Male,basic,France,False,2022-12-04
9,56,Male,basic,Netherlands,True,2025-08-30
10,75,Female,premium,Germany,True,2025-01-03
11,36,Male,basic,Germany,True,2024-08-10
12,40,Female,premium,Italy,True,2022-10-06
13,28,Female,basic,Netherlands,True,2025-04-14
14,28,Male,basic,France,True,2024-06-14
15,41,Male,basic,France,True,2022-09-30
16,70,Male,basic,Spain,True,2024-04-16
17,53,Female,premium,France,True,2023-09-12
18,57,Male,basic,Italy,True,2024-05-11
19,41,Male,basic,Italy,True,2024-07-19
20,20,Female,basic,France,True,2022-10-16
21,39,Male,basic,France,True,2023-12-25
22,70,Male,premium,Spain,True,2024-06-11
23,19,Male,basic,France,True,2022-09-29
24,41,Male,basic,Spain,True,2024-12-25
25,61,Female,basic,Spain,True,2023-04-28
26,47,Male,premium,France,True,2024-07-24
27,55,Female,basic,Germany,True,2022-09-05
28,19,Male,premium,Germany,False,2022-06-05
29,77,Female,business,Spain,True,2024-12-06
30,38,Male,basic,France,False,2023-03-30
31,50,Male,basic,Germany,True,2022-07-20
32,29,Other,basic,France,True,2022-05-04
33,75,Female,basic,France,True,2022-01-01
34,39,Female,premium,France,True,2024-08-25
35,78,Male,business,Netherlands,True,2024-05-04
36,61,Male,basic,France,False,2023-10-02
37,42,Male,basic,Netherlands,True,2022-07-10
38,66,Female,basic,Spain,True,2023-05-31
39,44,Male,premium,Germany,False,2023-03-18
40,76,Female,basic,Germany,True,2022-05-23
41,80,Male,basic,Germany,True,2025-04-29
42,59,Other,business,Germany,True,2023-06-17
43,45,Male,premium,Germany,True,2022-08-15
44,77,Female,basic,Germany,True,2025-08-29
45,33,Male,premium,Germany,True,2024-08-06
46,32,Male,premium,Spain,True,2025-08-18
47,79,Female,basic,France,True,2023-04-05
48,79,Male,basic,Italy,True,2023-07-05
49,64,Male,basic,Netherlands,True,2023-01-28
50,79,Other,basic,Italy,False,2024-04-24
51,68,Female,premium,Italy,False,2025-05-15
52,61,Male,business,France,True,2022-07-29
53,72,Male,basic,France,False,2025-02-12
54,69,Male,basic,France,True,2023-10-08
55,74,Female,basic,Germany,True,2025-06-28
56,20,Male,basic,Spain,True,2022-08-07
57,54,Male,premium,Germany,True,2023-02-11
58,68,Male,basic,Spain,True,2024-06-06
59,24,Male,basic,Spain,True,2023-07-12
60,38,Female,basic,Italy,True,2023-07-04
61,26,Male,premium,Italy,True,2022-05-22
62,56,Female,basic,Spain,True,2023-09-04
63,35,Male,premium,Spain,True,2023-05-16
64,21,Male,basic,Germany,True,2024-04-19
65,42,Male,premium,Germany,True,2023-12-03
66,77,Male,premium,Italy,True,2023-08-19
67,31,Female,basic,France,True,2022-10-08
68,67,Female,basic,Spain,True,2023-02-28
69,75,Female,premium,Germany,True,2024-05-05
70,26,Female,business,Italy,True,2022-09-27
71,43,Male,basic,Germany,True,2022-06-03
72,70,Female,basic,Spain,True,2023-09-06
73,19,Male,business,Spain,True,2023-10-24
74,37,Female,basic,Netherlands,True,2022-03-24
75,45,Male,basic,France,True,2024-08-04
76,64,Male,business,Netherlands,True,2024-06-17
77,77,Male,basic,Italy,True,2025-07-22
78,24,Male,basic,Germany,True,2022-10-11
79,61,Male,basic,Italy,True,2024-09-06
80,78,Male,basic,Spain,True,2022-06-22
81,25,Other,basic,Netherlands,True,2025-09-12
82,64,Male,premium,Netherlands,True,2024-12-22
83,52,Male,basic,Netherlands,True,2025-01-01
84,31,Female,basic,Italy,True,2024-02-02
85,34,Female,basic,Spain,True,2023-09-25
86,53,Male,basic,Germany,True,2024-02-26
87,67,Male,business,Germany,True,2024-07-31
88,57,Female,basic,Italy,True,2024-10-08
89,21,Male,basic,Netherlands,True,2023-02-02
90,19,Female,premium,France,False,2025-02-17
91,79,Female,basic,Italy,True,2024-07-22
92,23,Male,basic,Italy,True,2023-11-07
93,71,Male,basic,Spain,True,2024-07-24
94,59,Female,basic,Germany,True,2023-04-10
95,21,Female,basic,Italy,True,2022-10-13
96,71,Female,basic,Italy,True,2022-09-22
97,46,Female,premium,Netherlands,True,2022-11-16
98,80,Female,basic,Netherlands,True,2023-11-04
99,35,Female,basic,France,True,2024-03-30
100,43,Female,premium,Spain,True,2022-03-30
101,61,Female,basic,France,True,2025-05-11
102,51,Female,premium,Netherlands,True,2024-03-31
103,27,Female,basic,Germany,True,2024-09-27
104,79,Female,basic,Netherlands,True,2022-11-30
105,53,Female,premium,Spain,True,2022-08-10
106,31,Male,basic,Netherlands,True,2022-02-10
107,48,Female,basic,Spain,True,2022-03-09
108,65,Female,basic,Spain,True,2024-09-14
109,32,Female,basic,Spain,True,2023-05-29
110,25,Female,premium,Spain,True,2025-02-24
111,31,Female,basic,Spain,True,2025-07-02
112,40,Male,basic,Germany,False,2023-11-26
113,77,Male,basic,France,True,2024-11-05
114,74,Male,premium,Italy,True,2023-04-22
115,79,Male,basic,France,True,2024-12-21
116,57,Male,premium,Spain,True,2024-05-30
117,38,Female,basic,Germany,False,2023-03-08
118,33,Male,premium,Netherlands,True,2022-09-25
119,62,Female,business,Germany,False,2024-11-24
120,35,Male,premium,Spain,True,2024-02-18
121,64,Female,premium,Germany,True,2023-05-09
122,70,Male,basic,Germany,True,2023-10-23
123,41,Male,basic,Spain,False,2025-09-10
124,43,Female,basic,Germany,True,2025-08-20
125,42,Female,basic,Italy,True,2025-07-23
126,77,Male,basic,Italy,True,2024-10-09
127,77,Female,basic,Germany,False,2025-05-09
128,77,Male,basic,Netherlands,True,2025-09-09
129,62,Male,basic,Spain,True,2024-11-24
130,58,Other,premium,Italy,True,2024-09-03
131,46,Female,basic,Netherlands,True,2023-04-27
132,32,Male,premium,Germany,True,2023-12-29
133,62,Female,premium,Netherlands,True,2023-04-25
134,18,Female,business,France,True,2024-12-24
135,42,Female,premium,Italy,False,2024-10-28
136,24,Male,premium,Germany,True,2025-08-17
137,26,Male,business,Spain,False,2022-12-09
138,41,Female,business,Germany,True,2022-11-28
139,18,Female,basic,Spain,False,2023-03-14
140,61,Female,basic,Germany,True,2022-06-23
141,25,Male,basic,Netherlands,True,2023-07-13
142,41,Female,basic,Netherlands,True,2023-06-11
143,80,Female,premium,Netherlands,True,2023-10-21
144,28,Male,premium,France,True,2022-01-26
145,68,Male,premium,Spain,True,2024-03-30
146,34,Female,basic,Netherlands,True,2023-08-28
147,25,Female,premium,France,True,2023-02-10
148,52,Male,premium,Spain,True,2022-08-20
149,52,Male,premium,Germany,True,2023-06-17
150,50,Male,business,France,True,2023-05-20
151,76,Male,premium,Italy,False,2022-06-28
152,22,Female,basic,France,False,2022-05-12
153,59,Female,premium,France,False,2022-12-14
154,56,Male,basic,Spain,True,2023-06-24
155,75,Female,basic,Germany,True,2024-02-11
156,58,Female,premium,Italy,True,2022-03-17
157,45,Female,basic,Netherlands,True,2023-08-02
158,24,Female,premium,Netherlands,True,2024-05-03
159,26,Male,basic,France,True,2022-07-13
160,25,Male,premium,Spain,True,2025-03-31
161,29,Female,basic,Spain,True,2022-12-13
162,51,Female,business,Netherlands,True,2024-08-08
163,50,Male,premium,Italy,False,2025-01-15
164,65,Female,basic,Germany,True,2025-07-09
165,72,Female,basic,Italy,True,2022-08-02
166,40,Male,business,Germany,False,2023-07-27
167,79,Female,basic,Netherlands,True,2024-02-19
168,41,Other,basic,Germany,True,2022-09-19
169,54,Other,basic,Spain,True,2023-12-31
170,52,Male,basic,France,True,2022-10-10
171,61,Female,premium,France,True,2022-12-28
172,57,Female,premium,Netherlands,False,2023-03-17
173,39,Female,basic,Spain,True,2022-04-03
174,44,Other,basic,Italy,False,2024-01-23
175,52,Female,premium,Spain,True,2024-05-16
176,18,Female,basic,France,True,2022-05-22
177,52,Female,basic,France,True,2025-08-07
178,54,Female,business,Spain,True,2024-01-19
179,64,Male,premium,Spain,True,2023-10-15
180,31,Male,premium,France,False,2023-12-02
181,20,Male,premium,Italy,True,2024-09-24
182,18,Female,basic,Netherlands,True,2022-02-18
183,22,Male,premium,Netherlands,True,2025-08-18
184,43,Female,basic,Spain,True,2024-05-30
185,72,Male,basic,Netherlands,True,2025-04-28
186,80,Female,basic,France,True,2025-03-05
187,31,Female,basic,France,True,2023-07-09
188,56,Female,premium,Spain,True,2023-02-08
189,44,Male,basic,Spain,True,2024-06-10
190,26,Female,basic,Spain,True,2024-05-14
191,32,Female,basic,Italy,True,2023-08-25
192,32,Male,basic,Netherlands,True,2022-12-07
193,43,Female,premium,Spain,False,2023-12-05
194,59,Female,basic,Germany,True,2022-11-14
195,77,Male,premium,Germany,True,2023-09-10
196,30,Female,basic,France,True,2023-01-17
197,68,Male,basic,Netherlands,False,2022-08-21
198,80,Male,premium,Spain,True,2025-09-29
199,49,Male,basic,Germany,True,2024-03-27
200,56,Male,premium,Netherlands,False,2023-07-07
201,66,Male,basic,France,True,2024-05-05
202,69,Female,basic,Italy,True,2024-03-29
203,78,Female,business,Netherlands,True,2022-07-02
204,49,Female,basic,Netherlands,True,2024-11-30
205,21,Female,basic,Italy,False,2023-02-01
206,47,Female,premium,Netherlands,True,2024-02-18
207,54,Female,basic,France,True,2024-06-25
208,40,Male,premium,France,True,2025-09-18
209,56,Male,basic,Italy,True,2022-05-07
210,62,Male,business,Spain,True,2022-01-01
211,32,Male,premium,Germany,True,2025-04-06
212,60,Female,premium,Spain,True,2022-01-19
213,46,Male,business,Netherlands,True,2025-09-17
214,53,Female,basic,Germany,True,2023-08-07
215,30,Other,business,Italy,True,2023-04-01
216,49,Female,basic,Italy,True,2024-08-14
217,24,Male,basic,Germany,True,2025-02-06
218,76,Male,basic,France,False,2025-07-15
219,68,Female,basic,Germany,True,2023-03-21
220,39,Female,basic,Netherlands,True,2025-06-17
221,45,Male,premium,France,True,2025-08-17
222,19,Female,premium,Italy,True,2023-08-25
223,59,Male,business,Germany,True,2022-04-13
224,62,Male,basic,Spain,True,2024-09-14
225,79,Male,premium,Spain,True,2025-06-27
226,74,Male,basic,Netherlands,True,2023-06-04
227,70,Other,basic,Spain,True,2025-03-22
228,23,Female,basic,Germany,True,2024-05-08
229,45,Male,basic,Germany,True,2022-06-23
230,45,Female,premium,Spain,False,2025-09-28
231,61,Female,basic,Germany,True,2024-10-01
232,61,Female,basic,Netherlands,True,2023-03-07
233,37,Male,basic,France,True,2023-12-28
234,47,Male,basic,Netherlands,True,2024-04-29
235,79,Male,basic,Netherlands,True,2025-09-09
236,28,Male,business,Germany,False,2024-09-16
237,75,Male,basic,France,True,2023-10-01
238,72,Female,basic,Germany,True,2023-02-24
239,45,Male,basic,Italy,False,2023-08-17
240,42,Male,premium,Germany,True,2023-04-30
241,56,Male,business,Germany,True,2023-02-16
242,79,Male,premium,Germany,True,2024-07-24
243,50,Male,premium,France,True,2025-01-12
244,18,Male,basic,Germany,True,2025-02-10
245,74,Male,basic,France,True,2022-11-28
246,44,Male,business,Spain,True,2023-10-17
247,79,Male,premium,Italy,True,2022-02-10
248,74,Female,premium,France,True,2024-08-16
249,69,Male,premium,Spain,True,2022-04-15
250,30,Male,premium,France,True,2022-07-21
251,58,Male,premium,France,True,2023-03-26
252,20,Female,business,Italy,True,2025-07-13
253,56,Male,business,Netherlands,True,2024-06-28
254,23,Female,premium,Netherlands,True,2022-07-29
255,25,Female,premium,France,True,2023-07-17
256,44,Male,basic,Germany,True,2025-02-15
257,26,Female,premium,Spain,True,2023-12-14
258,79,Female,basic,Germany,True,2024-02-10
259,54,Male,basic,Germany,True,2025-01-12
260,50,Male,business,France,True,2023-03-30
261,68,Female,basic,France,True,2023-10-29
262,59,Female,basic,France,True,2023-09-21
263,61,Other,basic,France,True,2023-01-22
264,41,Male,basic,Netherlands,True,2022-10-23
265,32,Female,premium,France,True,2022-09-15
266,76,Male,basic,Netherlands,True,2025-01-09
267,71,Female,basic,Netherlands,True,2022-09-25
268,49,Female,basic,France,True,2023-02-23
269,49,Male,premium,Italy,True,2022-08-23
270,41,Male,premium,Spain,True,2025-08-27
271,58,Male,basic,Germany,True,2024-09-12
272,69,Male,basic,Netherlands,True,2025-05-21
273,66,Male,basic,Spain,True,2023-07-28
274,79,Female,premium,Italy,False,2022-02-18
275,66,Female,premium,Germany,True,2025-02-24
276,75,Female,basic,Germany,True,2022-08-11
277,69,Female,basic,Netherlands,True,2024-07-09
278,29,Female,basic,France,True,2025-07-26
279,79,Female,premium,Italy,True,2025-08-10
280,56,Female,basic,Netherlands,True,2022-10-04
281,19,Male,basic,Italy,True,2025-02-04
282,20,Male,basic,France,True,2023-02-24
283,66,Male,basic,France,True,2023-09-03
284,54,Male,premium,Netherlands,True,2023-01-10
285,66,Male,basic,France,True,2022-03-14
286,73,Male,premium,Spain,True,2024-11-19
287,34,Female,premium,Germany,True,2025-04-26
288,76,Female,basic,Netherlands,True,2022-07-14
289,66,Male,basic,Italy,True,2025-03-25
290,19,Male,premium,Spain,False,2025-04-10
291,19,Male,basic,Netherlands,True,2024-04-26
292,45,Female,basic,France,True,2024-11-30
293,71,Male,business,France,True,2024-12-22
294,40,Female,basic,France,True,2022-01-23
295,54,Male,basic,France,True,2022-12-26
296,49,Female,basic,Italy,True,2025-01-03
297,50,Other,business,Spain,True,2023-07-14
298,18,Male,basic,Germany,True,2023-11-03
299,36,Female,basic,Italy,True,2025-02-15
300,79,Female,basic,Italy,True,2023-11-10
301,19,Female,basic,Germany,True,2025-08-06
302,70,Male,basic,Germany,True,2023-03-16
303,61,Female,basic,France,True,2024-07-21
304,43,Female,basic,Italy,True,2022-01-07
305,49,Female,basic,Netherlands,True,2025-05-04
306,23,Female,basic,Germany,True,2023-02-25
307,49,Female,basic,Germany,True,2024-04-12
308,72,Other,basic,Spain,True,2025-05-01
309,21,Female,basic,Netherlands,False,2023-07-13
310,72,Female,premium,Netherlands,True,2025-03-17
311,28,Female,basic,Germany,True,2025-05-10
312,73,Male,basic,France,False,2024-07-02
313,76,Female,basic,Spain,True,2024-10-03
314,34,Female,premium,Netherlands,True,2022-05-06
315,80,Male,premium,Germany,False,2023-01-30
316,55,Female,basic,Netherlands,True,2024-03-27
317,41,Male,basic,Spain,True,2024-05-30
318,22,Female,business,Spain,True,2023-07-30
319,69,Female,basic,Italy,True,2022-11-21
320,51,Female,basic,Germany,True,2024-07-18
321,23,Male,basic,Spain,False,2025-05-12
322,39,Female,basic,Italy,True,2024-04-12
323,28,Female,business,Italy,True,2024-11-20
324,80,Male,premium,Netherlands,False,2024-04-16
325,65,Male,basic,Netherlands,True,2024-07-14
326,33,Female,basic,Italy,True,2025-09-29
327,50,Male,business,Netherlands,True,2023-03-19
328,26,Male,premium,Spain,True,2022-03-16
329,77,Female,premium,France,True,2023-07-11
330,76,Male,business,Spain,False,2025-03-24
331,23,Female,business,Italy,True,2022-12-29
332,33,Male,premium,Italy,True,2023-03-24
333,46,Female,basic,Spain,True,2025-06-11
334,20,Male,basic,Netherlands,False,2022-09-19
335,37,Female,premium,Netherlands,False,2022-05-05
336,77,Male,basic,Italy,True,2024-06-29
337,76,Female,premium,Germany,True,2022-09-02
338,53,Male,basic,Netherlands,True,2023-06-26
339,36,Female,basic,Spain,True,2023-04-30
340,43,Female,basic,Netherlands,True,2022-05-02
341,20,Other,basic,Spain,True,2022-05-05
342,80,Female,business,Italy,False,2022-06-19
343,36,Male,premium,Netherlands,True,2022-05-04
344,37,Female,premium,Spain,True,2024-11-24
345,49,Male,premium,Italy,True,2025-01-15
346,24,Male,basic,Germany,True,2023-10-08
347,69,Male,basic,Spain,True,2024-02-25
348,58,Female,basic,Germany,True,2022-07-20
349,50,Female,basic,Germany,True,2023-01-04
350,57,Male,basic,France,True,2024-03-07
351,56,Female,basic,Netherlands,False,2022-03-18
352,35,Male,basic,Spain,True,2022-02-28
353,57,Male,business,Germany,True,2023-03-07
354,18,Male,premium,France,True,2023-09-30
355,28,Male,basic,Italy,True,2022-04-19
356,45,Female,premium,Spain,True,2024-10-04
357,74,Female,premium,Germany,False,2025-07-25
358,42,Female,basic,Netherlands,True,2022-03-09
359,67,Male,premium,France,True,2024-12-28
360,40,Male,premium,Germany,True,2025-04-03
361,48,Male,basic,Netherlands,True,2022-11-01
362,47,Female,basic,Germany,True,2023-11-05
363,59,Male,basic,Spain,True,2022-12-31
364,52,Female,basic,Spain,True,2024-03-31
365,24,Other,basic,Spain,True,2022-12-09
366,77,Female,premium,France,True,2024-08-04
367,33,Female,basic,Spain,True,2024-06-17
368,43,Male,basic,Netherlands,True,2025-02-06
369,65,Female,business,Germany,False,2024-02-01
370,74,Female,premium,Italy,True,2022-12-07
371,69,Female,basic,Netherlands,True,2024-07-30
372,77,Male,basic,Netherlands,True,2023-01-18
373,66,Male,basic,Spain,True,2024-09-30
374,19,Male,premium,France,True,2022-10-27
375,18,Female,basic,Germany,False,2022-05-19
376,65,Female,basic,France,True,2022-12-25
377,79,Female,business,Germany,True,2024-04-15
378,29,Male,basic,Germany,True,2025-07-27
379,22,Female,premium,France,True,2023-04-28
380,54,Male,business,Netherlands,True,2024-06-27
381,49,Male,basic,Germany,False,2025-02-08
382,76,Male,premium,France,False,2024-05-15
383,72,Female,basic,Germany,True,2022-05-19
384,26,Male,business,Italy,True,2024-09-22
385,58,Female,basic,Netherlands,True,2023-03-11
386,52,Female,premium,Spain,True,2023-05-24
387,36,Male,basic,Germany,True,2022-09-30
388,65,Female,premium,Italy,True,2025-01-27
389,33,Male,premium,Spain,True,2022-04-14
390,20,Male,basic,Spain,False,2025-05-22
391,37,Male,premium,Germany,True,2024-02-01
392,41,Male,basic,France,True,2024-02-26
393,71,Female,basic,Germany,True,2022-06-14
394,73,Male,basic,Italy,True,2024-09-25
395,50,Female,basic,Spain,True,2023-06-04
396,41,Female,basic,Germany,True,2025-07-31
397,69,Female,business,France,True,2023-06-01
398,28,Female,basic,Germany,True,2023-10-19
399,66,Female,premium,Netherlands,True,2023-09-05
400,25,Male,basic,France,True,2022-06-13
401,53,Male,premium,Italy,True,2022-03-05
402,55,Female,business,Spain,True,2025-01-19
403,57,Female,basic,Germany,True,2025-02-14
404,37,Male,premium,France,False,2022-09-24
405,79,Female,basic,Netherlands,True,2025-03-09
406,52,Male,premium,France,True,2022-09-03
407,65,Female,basic,Netherlands,True,2023-01-30
408,79,Male,business,Italy,True,2023-04-21
409,42,Male,basic,Spain,True,2024-09-03
410,52,Male,basic,Italy,True,2025-04-22
411,42,Female,premium,Germany,False,2024-11-09
412,46,Female,basic,France,True,2023-07-12
413,35,Male,basic,Netherlands,True,2024-10-14
414,63,Female,basic,Netherlands,True,2024-06-01
415,35,Male,basic,France,False,2022-05-27
416,19,Female,basic,France,True,2023-10-28
417,71,Male,basic,Germany,True,2025-08-20
418,52,Male,basic,Italy,True,2023-09-12
419,33,Female,basic,Netherlands,True,2024-03-30
420,78,Other,premium,Germany,True,2024-05-13
421,58,Female,basic,Italy,True,2023-08-05
422,53,Female,basic,Germany,True,2024-10-19
423,50,Female,basic,Netherlands,True,2023-11-26
424,21,Male,basic,France,False,2025-06-05
425,50,Other,premium,France,True,2025-01-30
426,31,Female,basic,Italy,True,2025-05-24
427,38,Female,basic,Spain,True,2023-02-11
428,65,Female,premium,Italy,True,2023-02-03
429,37,Female,premium,Spain,True,2023-12-16
430,73,Female,basic,Germany,True,2023-12-05
431,25,Male,premium,Germany,True,2024-01-31
432,24,Female,business,Netherlands,True,2023-05-14
433,20,Male,basic,Spain,True,2024-08-31
434,34,Other,premium,Netherlands,True,2022-03-23
435,50,Female,premium,France,True,2023-08-27
436,65,Male,basic,Spain,True,2024-02-11
437,29,Female,basic,Italy,True,2024-06-21
438,76,Female,basic,France,True,2022-12-31
439,68,Female,premium,France,True,2022-06-12
440,39,Female,business,Italy,True,2024-12-07
441,72,Male,premium,France,True,2023-05-26
442,39,Female,basic,Spain,True,2025-09-14
443,63,Female,premium,Netherlands,True,2022-04-26
444,47,Male,basic,France,True,2024-07-29
445,55,Female,basic,Spain,True,2022-12-03
446,55,Male,basic,Germany,True,2024-05-30
447,62,Male,premium,Spain,True,2024-01-07
448,68,Female,basic,Netherlands,False,2024-04-19
449,71,Female,premium,Spain,True,2022-05-27
450,25,Male,basic,Italy,True,2025-09-08
451,44,Female,basic,Netherlands,True,2023-03-19
452,44,Male,basic,Germany,True,2024-04-16
453,51,Male,basic,Italy,True,2024-11-02
454,38,Male,business,Spain,True,2024-07-31
455,47,Male,basic,Netherlands,False,2022-10-14
456,50,Male,premium,Germany,True,2023-12-21
457,45,Female,basic,Italy,True,2025-02-11
458,64,Female,premium,Germany,True,2023-04-25
459,50,Male,basic,Spain,True,2022-01-22
460,22,Female,premium,Germany,True,2023-11-14
461,77,Female,premium,France,True,2024-06-24
462,78,Male,basic,Italy,True,2022-11-16
463,65,Female,basic,Germany,True,2022-05-06
464,36,Other,premium,Spain,True,2022-10-04
465,21,Male,business,Spain,False,2025-05-12
466,52,Male,basic,Germany,False,2022-07-13
467,66,Female,premium,Spain,True,2023-11-27
468,34,Female,business,Netherlands,True,2025-08-02
469,61,Male,premium,Netherlands,True,2022-02-26
470,45,Female,business,Netherlands,False,2025-08-19
471,47,Female,premium,France,True,2025-04-01
472,46,Female,basic,Germany,True,2022-01-19
473,63,Female,basic,France,True,2022-09-21
474,70,Female,basic,Spain,True,2024-03-04
475,23,Male,premium,France,False,2022-04-23
476,52,Male,premium,Spain,False,2025-09-12
477,77,Female,basic,Spain,True,2023-06-26
478,58,Female,premium,Italy,True,2023-10-09
479,54,Male,premium,Netherlands,True,2023-08-02
480,41,Female,basic,Spain,True,2024-12-24
481,46,Female,basic,Italy,True,2025-08-08
482,66,Male,basic,Netherlands,True,2022-01-25
483,63,Female,basic,Spain,True,2022-01-01
484,70,Female,basic,Spain,True,2024-06-29
485,48,Female,basic,France,False,2022-05-21
486,52,Female,basic,France,True,2023-10-10
487,77,Male,basic,Netherlands,True,2022-07-07
488,50,Female,basic,Spain,False,2025-02-25
489,69,Male,basic,Germany,True,2022-07-20
490,80,Male,premium,France,True,2025-02-24
491,78,Female,basic,Netherlands,False,2022-09-14
492,38,Male,business,Spain,False,2023-07-01
493,49,Male,business,Spain,True,2022-07-13
494,40,Female,basic,Germany,True,2023-12-04
495,50,Male,basic,Netherlands,True,2025-02-01
496,20,Male,basic,Spain,True,2025-07-12
497,35,Female,basic,France,False,2024-03-12
498,42,Female,premium,Germany,True,2024-07-30
499,59,Male,basic,Netherlands,True,2025-07-07
500,48,Female,basic,Germany,True,2023-02-18
