loan_id,customer_id,loan_amount,loan_type,approved,application_date
1,472,8174,auto,False,2023-05-18
2,179,31199,auto,True,2025-05-15
3,450,31340,auto,True,2025-06-18
4,240,18892,home,False,2023-11-04
5,12,32460,personal,True,2023-11-26
6,303,5221,personal,True,2025-09-19
7,234,29697,auto,True,2023-08-26
8,183,26673,personal,False,2024-06-13
9,282,1566,personal,True,2023-03-17
10,358,43406,personal,True,2025-08-04
11,376,27875,personal,False,2023-05-31
12,429,2418,home,True,2024-09-11
13,190,9957,auto,True,2024-10-26
14,326,11226,personal,False,2023-11-12
15,215,14782,personal,True,2023-02-06
16,258,25315,personal,True,2025-08-21
17,26,23094,personal,True,2025-04-24
18,270,7948,personal,True,2024-10-19
19,82,1642,business,False,2023-05-06
20,358,20732,personal,True,2025-03-07
21,185,1915,auto,True,2024-09-11
22,288,6874,home,False,2023-10-13
23,62,27474,business,True,2023-08-28
24,371,34028,personal,True,2025-06-05
25,462,4142,auto,True,2024-09-05
26,30,18436,personal,True,2023-08-08
27,397,32414,personal,True,2023-01-07
28,424,9847,personal,True,2023-08-04
29,31,25432,home,True,2024-11-11
30,293,24093,personal,True,2024-08-08
31,173,1828,auto,True,2023-10-20
32,102,19260,auto,True,2024-06-22
33,128,20125,business,True,2025-02-27
34,86,27067,auto,True,2024-04-28
35,315,12563,personal,True,2023-02-12
36,28,32130,personal,True,2023-11-03
37,122,27461,personal,True,2023-04-03
38,251,3640,home,True,2024-08-05
39,61,17765,auto,True,2023-09-26
40,403,9230,auto,True,2024-09-12
41,171,14557,personal,True,2024-11-23
42,443,4057,home,False,2023-08-03
43,272,29614,auto,False,2025-08-16
44,325,13711,business,True,2023-04-24
45,300,47654,auto,True,2023-07-04
46,113,19080,personal,True,2025-07-09
47,194,18834,personal,False,2023-05-05
48,394,10302,personal,False,2023-04-15
49,431,22821,auto,True,2023-08-25
50,19,36431,auto,False,2024-10-14
51,340,37731,personal,True,2025-03-15
52,93,4507,personal,True,2023-06-07
53,217,5175,personal,False,2024-04-18
54,465,14558,business,True,2025-06-26
55,179,49501,personal,False,2024-05-19
56,499,38019,personal,True,2025-08-18
57,397,6719,personal,True,2023-10-01
58,191,15945,personal,True,2025-06-08
59,493,8918,auto,True,2025-05-02
60,400,24414,home,True,2023-04-27
61,437,30130,personal,True,2025-06-04
62,163,41003,auto,True,2024-07-27
63,100,42051,personal,True,2024-06-19
64,187,29195,business,False,2023-03-01
65,295,30934,personal,True,2024-02-05
66,67,14956,personal,True,2025-05-23
67,73,30685,auto,True,2025-04-07
68,232,24656,personal,True,2025-02-15
69,189,46408,personal,True,2023-06-29
70,50,44131,auto,True,2023-08-20
71,309,48493,auto,True,2024-04-20
72,302,2578,personal,True,2024-10-16
73,308,30850,auto,True,2025-04-24
74,124,45410,auto,False,2025-07-12
75,157,12573,auto,True,2023-09-02
76,261,24278,auto,False,2024-08-15
77,195,23897,auto,True,2024-09-29
78,330,3821,personal,True,2024-10-10
79,351,12837,personal,True,2024-07-21
80,331,48329,personal,False,2023-08-01
81,256,6511,personal,True,2024-08-28
82,465,40355,home,True,2025-06-13
83,424,10496,personal,True,2024-04-03
84,489,34998,personal,True,2025-09-16
85,200,47345,personal,False,2025-03-14
86,372,20546,personal,False,2023-05-08
87,386,21994,auto,False,2025-08-09
88,68,7118,personal,True,2023-08-05
89,446,7399,auto,False,2024-12-11
90,80,31822,personal,True,2023-01-20
91,233,34297,home,True,2024-07-20
92,186,15628,business,False,2025-01-27
93,105,33679,auto,True,2025-02-01
94,469,2481,home,True,2023-03-01
95,325,42807,auto,True,2024-11-05
96,442,34573,business,True,2024-12-14
97,419,12978,home,True,2025-01-08
98,142,46514,business,True,2023-05-09
99,399,26929,auto,False,2025-08-31
100,390,37863,home,False,2024-07-10
101,272,12197,auto,False,2023-07-16
102,343,15922,personal,True,2025-07-24
103,124,42936,personal,False,2024-05-06
104,223,38880,home,False,2024-11-08
105,490,30841,personal,True,2024-05-18
106,174,2537,auto,True,2023-09-04
107,191,10022,personal,True,2025-01-07
108,140,21759,personal,True,2025-03-02
109,297,12498,home,True,2023-09-17
110,119,7586,home,True,2023-12-13
111,275,1649,auto,True,2023-07-16
112,76,23292,personal,True,2023-04-17
113,109,16890,personal,True,2025-02-19
114,119,34704,personal,False,2025-01-13
115,461,36518,personal,False,2025-07-05
116,369,28615,personal,True,2024-09-04
117,258,24547,auto,True,2023-06-09
118,20,17578,personal,True,2024-02-26
119,119,21971,auto,True,2024-08-29
120,351,14763,personal,True,2025-07-16
121,137,5343,personal,False,2023-07-26
122,277,12933,personal,True,2023-11-09
123,255,12059,business,False,2024-03-07
124,264,5452,auto,False,2025-07-14
125,167,41110,personal,True,2023-08-23
126,165,33293,auto,True,2023-11-23
127,29,21431,home,True,2025-07-22
128,467,2653,home,True,2024-04-23
129,35,29411,auto,True,2024-03-03
130,237,8519,personal,False,2024-10-27
131,294,20373,auto,False,2023-04-10
132,90,41791,home,False,2023-08-26
133,203,32131,auto,True,2023-04-17
134,228,38429,home,True,2025-05-07
135,419,17528,personal,True,2023-12-30
136,68,35120,personal,True,2024-10-03
137,131,40991,home,True,2025-03-21
138,365,48974,auto,True,2024-05-07
139,111,11123,personal,True,2023-02-12
140,12,20468,personal,False,2024-07-28
141,288,4309,home,False,2023-03-14
142,175,34579,personal,True,2024-11-28
143,319,27871,personal,False,2024-09-20
144,154,44466,personal,True,2023-10-31
145,43,39506,business,True,2023-01-05
146,363,32239,business,False,2025-09-13
147,205,8288,auto,True,2024-08-10
148,172,7477,auto,False,2025-03-13
149,294,39677,personal,True,2023-12-15
150,285,35338,personal,False,2024-02-04
151,311,3156,home,False,2024-08-17
152,52,4634,personal,True,2024-03-08
153,115,29931,personal,True,2024-07-25
154,19,3984,auto,True,2023-04-17
155,35,44122,personal,True,2023-04-27
156,48,47812,auto,True,2025-03-29
157,233,45577,auto,False,2024-01-18
158,219,39416,auto,True,2025-05-08
159,110,27774,personal,False,2023-03-23
160,254,21193,personal,False,2025-04-06
161,188,39059,auto,True,2025-04-11
162,31,17803,business,True,2025-05-22
163,259,20094,personal,True,2024-10-14
164,163,19603,business,True,2025-01-03
165,344,12358,auto,True,2024-02-14
166,308,15502,home,True,2023-03-11
167,71,5395,personal,True,2024-01-22
168,307,43824,personal,True,2025-09-09
169,56,25651,personal,False,2024-06-07
170,99,10419,personal,False,2023-10-24
171,21,44687,business,True,2024-09-08
172,385,22427,personal,True,2024-12-19
173,108,28647,auto,False,2023-03-06
174,53,12878,personal,False,2024-07-28
175,6,36993,auto,True,2023-06-27
176,231,22045,personal,True,2025-07-31
177,482,44826,personal,True,2023-01-08
178,82,13557,personal,True,2023-06-08
179,446,1860,home,True,2023-01-11
180,217,2548,personal,True,2025-02-23
181,335,39520,personal,True,2024-02-15
182,47,44435,personal,True,2025-06-10
183,352,22982,business,True,2024-08-29
184,362,26163,auto,True,2023-06-04
185,241,33473,auto,False,2023-07-25
186,178,44946,auto,True,2023-04-25
187,82,15685,personal,False,2024-01-14
188,287,20199,auto,True,2024-08-21
189,192,42082,personal,True,2025-04-03
190,413,18561,personal,True,2024-12-09
191,143,11979,auto,True,2023-12-16
192,314,44472,auto,True,2023-04-08
193,279,47107,personal,True,2025-07-31
194,422,45097,personal,False,2023-01-19
195,41,11392,home,False,2023-11-09
196,459,24431,auto,True,2025-07-15
197,271,35139,personal,False,2024-06-11
198,87,25154,personal,True,2024-07-10
199,3,23442,home,True,2024-10-28
200,211,7434,home,True,2024-03-20
201,1,30233,business,True,2025-07-10
202,472,20112,personal,True,2023-08-19
203,497,35603,personal,True,2024-10-30
204,75,32355,personal,True,2024-09-16
205,478,34993,auto,True,2025-06-07
206,498,9806,personal,True,2023-12-25
207,395,39253,personal,True,2024-01-18
208,444,40484,personal,True,2024-05-26
209,231,17044,auto,True,2023-02-13
210,449,1925,personal,False,2023-12-31
211,76,2233,auto,True,2025-07-13
212,260,45875,home,True,2025-05-26
213,25,11103,auto,True,2024-09-13
214,200,12652,personal,False,2023-04-21
215,463,16301,business,True,2023-08-11
216,427,19406,personal,True,2024-01-21
217,94,29937,personal,True,2025-06-20
218,424,17485,business,False,2023-09-22
219,352,27435,personal,True,2023-09-28
220,108,43015,auto,True,2023-07-31
221,355,21568,personal,True,2024-05-10
222,469,14031,auto,True,2023-11-10
223,95,47253,auto,True,2025-02-08
224,356,34788,personal,False,2024-01-22
225,91,35658,auto,True,2023-09-04
226,44,25981,home,True,2025-08-05
227,456,26726,personal,True,2024-07-20
228,443,1617,personal,True,2025-03-31
229,384,33161,personal,True,2023-12-16
230,23,40568,home,True,2023-03-13
231,190,42984,auto,True,2023-10-23
232,23,12959,home,True,2023-08-01
233,234,21605,personal,True,2023-10-22
234,186,39409,personal,False,2023-06-20
235,311,19964,personal,True,2023-09-03
236,417,33054,personal,False,2023-05-21
237,333,41207,auto,True,2024-09-07
238,63,5277,business,True,2024-09-08
239,103,11932,personal,True,2023-08-28
240,500,14771,business,True,2025-07-21
241,316,4301,personal,True,2023-11-07
242,483,7557,business,False,2024-02-20
243,189,27011,personal,False,2024-02-02
244,336,8010,business,True,2025-04-12
245,460,8599,personal,False,2025-07-11
246,189,15693,business,True,2025-03-02
247,351,20511,personal,False,2025-06-01
248,69,49400,personal,True,2025-05-30
249,114,21264,personal,False,2023-01-22
250,104,4950,personal,True,2023-03-19
251,108,15049,auto,False,2025-03-23
252,345,7460,business,True,2025-06-22
253,21,17083,auto,True,2024-04-19
254,387,7496,auto,True,2024-12-07
255,432,19067,personal,False,2025-04-11
256,266,14701,auto,True,2023-12-19
257,343,5543,personal,True,2024-01-06
258,209,20920,home,True,2025-07-31
259,170,41102,personal,False,2023-01-21
260,483,42824,auto,True,2024-05-21
261,473,35120,personal,True,2023-06-09
262,194,49531,personal,False,2025-01-13
263,347,13129,personal,True,2023-12-27
264,430,29175,personal,True,2025-03-23
265,393,2162,personal,True,2024-07-09
266,123,15234,personal,False,2023-10-24
267,177,8089,home,True,2023-12-18
268,4,43918,personal,True,2023-06-29
269,188,49864,home,False,2024-04-16
270,346,5155,personal,True,2024-01-30
271,352,9249,personal,False,2024-09-04
272,29,11297,auto,True,2024-09-18
273,86,32430,auto,True,2023-08-01
274,47,7145,personal,True,2024-06-13
275,77,12395,auto,True,2024-01-30
276,343,35262,personal,True,2023-01-27
277,191,48134,auto,True,2025-07-27
278,31,21932,auto,False,2025-05-19
279,307,48390,personal,True,2024-03-24
280,169,17358,home,False,2024-03-13
281,36,8733,auto,True,2023-10-12
282,245,44111,personal,True,2024-10-22
283,424,32504,home,False,2025-03-07
284,351,27171,business,True,2024-10-10
285,188,37260,auto,False,2023-07-08
286,15,28941,personal,True,2024-12-02
287,334,28733,business,True,2023-07-18
288,483,38091,personal,True,2023-04-12
289,216,36785,personal,True,2024-04-23
290,158,2768,personal,True,2024-08-25
291,414,26720,auto,False,2025-09-28
292,155,49274,business,True,2023-08-12
293,241,4938,auto,True,2024-05-31
294,296,44769,business,False,2025-05-14
295,462,39566,personal,False,2024-06-10
296,45,19869,personal,True,2024-03-16
297,495,46396,auto,True,2024-05-31
298,459,27103,business,True,2025-07-04
299,175,11819,auto,True,2023-08-18
300,492,15222,personal,True,2025-05-18
301,346,38257,personal,False,2025-04-28
302,56,6528,personal,True,2023-04-24
303,54,46894,personal,True,2024-05-30
304,341,45593,personal,False,2023-07-03
305,265,26440,business,True,2024-12-25
306,374,31948,auto,False,2025-01-28
307,239,8922,auto,True,2023-02-03
308,321,43941,personal,True,2023-10-23
309,108,21188,personal,False,2024-03-28
310,198,46780,auto,True,2024-12-08
311,385,14972,home,False,2024-05-19
312,214,15400,auto,True,2024-02-10
313,499,36171,home,False,2023-05-07
314,246,8263,home,True,2023-05-22
315,397,11460,personal,True,2025-08-21
316,38,11584,personal,True,2024-10-09
317,497,43543,auto,True,2023-05-08
318,173,2574,personal,True,2025-04-14
319,105,8325,personal,True,2024-11-16
320,40,35333,personal,True,2025-07-13
321,479,25705,personal,True,2024-12-30
322,399,36476,business,False,2024-09-17
323,434,5174,personal,True,2025-06-05
324,130,42362,personal,True,2023-12-16
325,181,47405,auto,True,2024-06-07
326,479,48578,auto,True,2024-04-07
327,410,42513,auto,False,2023-09-01
328,194,622,business,True,2024-07-17
329,331,21980,home,True,2023-07-05
330,289,9943,auto,True,2023-08-21
331,466,4933,personal,False,2024-05-28
332,341,1490,personal,True,2023-01-01
333,59,6056,auto,False,2023-08-27
334,351,27162,home,True,2023-02-24
335,26,29597,business,False,2024-05-09
336,478,47918,auto,True,2025-01-01
337,103,5209,auto,False,2024-09-07
338,21,24857,personal,True,2025-05-16
339,433,36848,personal,True,2024-02-22
340,80,19686,personal,False,2024-03-23
341,327,34139,personal,True,2025-04-15
342,470,19708,personal,True,2023-12-04
343,199,47860,personal,False,2025-06-26
344,322,22979,auto,True,2025-03-28
345,37,27978,auto,True,2023-10-04
346,14,13422,auto,True,2023-01-10
347,456,27579,personal,True,2023-12-07
348,221,31266,personal,False,2023-04-14
349,364,20287,business,True,2023-12-11
350,391,23037,personal,True,2024-01-05
351,166,10883,business,True,2025-09-03
352,173,38818,personal,True,2025-06-01
353,150,32395,auto,False,2023-07-17
354,172,46042,personal,False,2023-01-14
355,81,3707,personal,True,2025-09-23
356,336,28734,personal,True,2024-11-10
357,225,31068,auto,False,2025-05-21
358,359,3597,personal,True,2023-12-04
359,35,19522,auto,True,2024-06-25
360,358,44546,personal,True,2024-04-01
361,188,34892,personal,True,2024-06-09
362,224,16468,business,False,2025-01-19
363,131,11649,home,True,2024-03-11
364,374,10217,auto,False,2024-01-01
365,451,17142,personal,True,2024-02-05
366,456,14140,personal,True,2024-07-27
367,494,17337,business,False,2024-04-26
368,351,9490,personal,False,2023-04-20
369,311,4670,home,False,2024-02-10
370,9,25317,personal,True,2023-11-05
371,69,5636,business,False,2023-06-09
372,28,2212,personal,True,2025-04-23
373,399,29294,personal,True,2023-02-24
374,369,35270,auto,True,2025-01-30
375,475,8651,business,True,2025-09-02
376,234,48938,business,False,2023-09-13
377,31,39522,auto,True,2024-06-17
378,315,10973,home,True,2024-02-26
379,232,15803,auto,True,2025-08-03
380,338,19995,home,True,2024-09-06
381,486,22125,home,True,2025-08-19
382,497,14261,personal,True,2025-03-23
383,54,9418,auto,True,2025-06-05
384,452,35099,auto,True,2023-09-21
385,469,2321,auto,False,2025-01-17
386,175,35084,home,True,2025-04-12
387,298,49146,personal,True,2023-08-21
388,279,49743,personal,False,2024-11-10
389,365,36700,personal,True,2023-08-21
390,86,18853,personal,False,2024-05-31
391,65,48750,personal,True,2023-02-14
392,89,19268,business,False,2024-07-11
393,54,36947,auto,True,2024-11-06
394,118,29684,home,True,2025-07-01
395,361,17311,personal,True,2024-11-11
396,476,27095,business,True,2025-07-14
397,229,26532,auto,False,2024-03-11
398,267,41466,personal,True,2023-12-01
399,319,39531,auto,True,2024-02-08
400,22,18257,business,True,2023-06-13
401,438,42100,personal,False,2023-09-13
402,247,12454,auto,False,2023-03-07
403,473,30293,business,True,2025-07-29
404,373,38430,personal,True,2025-02-10
405,469,27306,auto,True,2025-08-03
406,420,23724,personal,True,2023-03-29
407,314,29736,personal,True,2023-08-28
408,20,4311,auto,True,2023-11-07
409,400,30868,personal,False,2024-07-24
410,476,36574,home,False,2024-11-12
411,184,33219,personal,True,2023-09-15
412,349,9137,personal,True,2024-07-11
413,50,12633,auto,False,2024-05-28
414,90,47486,personal,True,2024-03-09
415,104,29371,personal,True,2023-05-09
416,194,28071,home,False,2025-02-19
417,383,41972,business,True,2023-11-22
418,369,49153,home,True,2025-02-28
419,74,1901,auto,True,2023-01-17
420,269,10504,home,True,2024-11-29
421,15,33813,business,True,2023-12-08
422,329,35801,personal,True,2025-09-29
423,283,35277,personal,True,2025-04-17
424,392,28508,personal,False,2024-09-19
425,198,6401,personal,True,2025-02-09
426,484,4585,business,True,2025-05-27
427,434,2715,auto,True,2023-09-06
428,344,49309,auto,True,2024-12-10
429,195,16263,personal,False,2025-04-28
430,410,2684,personal,True,2025-01-08
431,36,10854,personal,True,2023-06-26
432,405,34543,business,True,2025-01-24
433,205,10004,personal,True,2025-08-03
434,308,4023,home,True,2023-12-23
435,139,9207,personal,True,2024-05-09
436,264,21667,auto,True,2023-02-04
437,57,34287,auto,False,2024-02-11
438,110,26371,home,False,2025-08-25
439,174,24482,personal,False,2024-10-08
440,496,1549,personal,False,2025-03-28
441,206,13881,personal,False,2023-01-10
442,225,2840,business,False,2025-09-12
443,386,42717,personal,True,2024-11-25
444,64,48890,personal,True,2024-12-14
445,252,36253,auto,False,2024-06-14
446,436,12561,auto,True,2024-06-18
447,449,6205,home,True,2023-04-05
448,267,24514,business,True,2024-07-29
449,390,33973,auto,True,2025-07-17
450,352,28647,business,True,2024-03-25
451,463,2984,auto,True,2023-08-08
452,332,2245,personal,True,2023-04-06
453,320,22648,business,False,2025-05-14
454,357,16716,auto,False,2025-02-15
455,93,33047,personal,False,2024-01-16
456,183,42429,auto,False,2024-10-30
457,300,47242,personal,True,2023-07-26
458,214,22512,personal,True,2025-02-24
459,494,1277,auto,True,2025-04-29
460,142,10025,home,False,2023-09-03
461,83,43577,auto,True,2024-12-11
462,389,43848,personal,False,2025-08-31
463,99,3614,business,True,2025-03-07
464,281,45673,personal,False,2024-05-24
465,434,36204,personal,True,2025-06-02
466,102,20994,personal,False,2023-03-24
467,329,1845,personal,True,2023-11-13
468,378,2541,personal,True,2024-10-06
469,71,14830,auto,True,2023-04-15
470,373,13698,home,False,2024-01-05
471,338,40772,business,True,2025-01-18
472,386,10247,home,False,2024-08-03
473,372,17573,personal,False,2024-11-26
474,266,30786,auto,False,2024-09-21
475,492,28528,home,True,2023-06-29
476,130,26610,personal,True,2025-02-21
477,60,23940,home,True,2024-08-24
478,301,33387,personal,False,2024-08-22
479,392,39437,personal,False,2023-03-24
480,442,39100,auto,False,2024-06-15
481,119,47917,auto,True,2024-09-10
482,263,12746,auto,True,2025-04-20
483,483,27928,personal,False,2024-05-15
484,471,2113,auto,True,2023-12-14
485,328,48843,business,False,2023-09-29
486,21,8123,business,True,2023-11-27
487,97,36301,personal,True,2024-09-01
488,303,6159,personal,False,2025-07-09
489,1,45523,auto,True,2025-01-13
490,396,30153,personal,True,2025-06-05
491,203,12580,personal,False,2024-07-22
492,432,12476,personal,True,2024-10-22
493,128,44086,home,False,2024-01-24
494,350,16218,home,False,2025-08-28
495,132,9841,personal,True,2025-01-16
496,34,48464,personal,True,2023-05-17
497,87,16796,auto,True,2025-02-17
498,32,26785,personal,True,2025-01-10
499,259,14634,auto,True,2023-12-27
500,476,45509,personal,False,2025-04-12
501,324,29837,personal,True,2025-08-16
502,313,955,personal,True,2023-10-09
503,370,8143,auto,True,2023-07-21
504,460,5120,auto,True,2025-01-13
505,408,9367,personal,True,2024-06-14
506,33,26077,personal,False,2023-01-16
507,387,29147,personal,True,2024-07-21
508,388,49394,auto,True,2025-05-18
509,286,25971,personal,True,2023-04-24
510,326,5599,personal,True,2025-09-27
511,49,14387,auto,True,2023-03-09
512,286,43814,home,False,2024-08-12
513,456,48703,personal,True,2023-01-30
514,82,28169,personal,True,2024-06-02
515,144,559,business,True,2025-06-26
516,437,13173,business,True,2024-10-25
517,390,23195,personal,True,2025-09-25
518,280,6031,home,True,2025-05-24
519,371,3264,auto,True,2023-01-22
520,92,2294,business,True,2024-03-06
521,224,11221,personal,True,2023-01-30
522,217,6186,home,True,2025-08-13
523,156,47943,home,True,2024-11-09
524,277,29967,personal,False,2024-10-21
525,8,38255,home,True,2024-02-14
526,36,13388,personal,False,2023-02-18
527,124,39848,personal,True,2023-11-21
528,9,14033,personal,True,2024-05-02
529,40,22416,business,True,2023-10-25
530,469,4053,auto,False,2025-02-12
531,179,8644,auto,True,2023-06-30
532,129,42542,auto,True,2025-03-12
533,447,45707,personal,True,2023-05-02
534,373,26009,personal,True,2023-05-04
535,68,5937,auto,True,2024-03-28
536,458,25047,business,True,2023-09-23
537,154,33018,personal,True,2023-01-28
538,424,24330,personal,True,2023-09-16
539,3,45545,personal,True,2023-03-18
540,364,9249,personal,True,2024-03-07
541,378,47053,personal,True,2025-05-28
542,265,22849,auto,True,2024-12-06
543,416,29789,personal,True,2025-06-12
544,451,6415,personal,True,2023-02-04
545,4,29195,home,True,2024-03-11
546,262,10234,business,True,2023-04-24
547,329,15203,personal,True,2023-03-03
548,282,22999,auto,True,2023-02-21
549,386,21978,personal,True,2023-04-26
550,450,2882,business,True,2023-02-16
551,370,30628,auto,True,2024-03-13
552,85,26083,home,True,2024-02-16
553,342,42741,personal,False,2023-04-11
554,387,37626,auto,True,2023-10-06
555,35,41580,auto,True,2023-04-17
556,114,47299,personal,True,2025-09-09
557,59,29192,personal,True,2023-02-04
558,38,33407,auto,False,2025-09-27
559,33,8144,auto,False,2023-12-25
560,377,35083,personal,False,2025-06-05
561,399,37569,auto,False,2025-03-10
562,203,45598,personal,True,2023-01-02
563,202,15685,personal,True,2025-01-20
564,100,40553,auto,False,2024-05-06
565,398,42488,personal,True,2025-05-29
566,450,10946,personal,False,2025-06-08
567,301,23662,personal,True,2023-09-29
568,304,14650,auto,True,2023-05-24
569,428,41804,personal,False,2024-03-10
570,118,30337,business,True,2024-03-26
571,421,36503,personal,False,2024-08-26
572,243,1887,auto,True,2025-01-02
573,29,12709,personal,True,2024-07-19
574,227,1483,auto,False,2025-07-04
575,340,47614,auto,True,2023-08-16
576,213,32651,personal,True,2024-06-28
577,418,22303,personal,True,2023-08-02
578,187,19878,personal,False,2024-10-09
579,113,8048,personal,False,2023-09-05
580,373,40121,personal,True,2024-02-12
581,299,1275,auto,True,2023-02-22
582,161,21865,home,False,2024-07-29
583,19,31207,personal,False,2023-11-10
584,264,24637,personal,True,2024-01-09
585,159,22031,personal,True,2023-02-06
586,11,18370,personal,False,2024-12-24
587,8,46238,home,True,2024-06-07
588,153,2501,auto,False,2025-09-06
589,113,44907,personal,True,2023-03-25
590,148,15256,personal,True,2025-06-18
591,38,41330,home,True,2023-04-04
592,135,28363,personal,False,2024-02-19
593,373,10546,personal,True,2023-12-08
594,461,24152,auto,True,2024-12-19
595,423,37456,auto,True,2024-07-03
596,235,14386,personal,False,2024-02-25
597,255,21245,home,True,2023-12-14
598,74,39617,personal,True,2024-12-15
599,328,32323,auto,True,2025-02-20
600,362,39448,personal,True,2024-08-09
601,374,13822,auto,True,2023-05-08
602,491,8294,home,True,2025-04-20
603,276,46669,personal,True,2023-06-01
604,209,6662,auto,False,2024-06-05
605,267,49191,home,False,2023-02-07
606,144,17257,personal,False,2024-03-02
607,485,6405,auto,True,2023-04-15
608,42,29265,business,False,2023-06-14
609,224,45544,auto,True,2025-07-26
610,346,38957,personal,True,2024-06-27
611,52,19904,personal,True,2023-07-31
612,421,15880,personal,True,2024-06-09
613,308,16008,personal,True,2025-01-11
614,137,20176,auto,True,2023-05-12
615,419,23760,personal,True,2023-06-01
616,195,7397,personal,True,2023-04-06
617,95,2064,personal,True,2024-05-17
618,490,49602,personal,True,2024-06-05
619,391,14370,auto,True,2024-01-09
620,258,14719,auto,True,2025-05-24
621,25,16941,personal,True,2023-01-16
622,232,20380,personal,True,2024-11-09
623,332,10879,personal,True,2024-08-30
624,94,3448,personal,False,2023-01-18
625,350,30093,personal,True,2024-02-13
626,221,36402,auto,True,2023-01-07
627,297,18471,personal,False,2024-11-26
628,203,9469,business,True,2025-06-12
629,499,21146,personal,True,2023-09-02
630,436,4178,personal,True,2025-07-31
631,343,44008,home,True,2025-06-01
632,81,28019,auto,True,2025-09-04
633,205,3843,auto,False,2025-05-28
634,481,4514,business,True,2024-08-16
635,449,5607,personal,True,2024-10-04
636,380,45138,home,True,2023-05-09
637,488,37596,personal,False,2025-03-11
638,77,37923,home,False,2024-03-30
639,38,39126,personal,True,2024-08-08
640,195,38888,personal,True,2025-05-25
641,464,42380,auto,True,2024-07-24
642,42,32832,personal,True,2023-03-13
643,455,40272,personal,True,2023-06-09
644,182,34510,personal,True,2023-03-28
645,245,23899,auto,False,2024-02-05
646,195,49732,home,True,2024-04-06
647,78,3161,auto,True,2024-06-12
648,320,5298,home,True,2023-03-30
649,464,1040,auto,True,2024-10-22
650,388,22829,personal,True,2025-04-02
651,415,26350,personal,False,2023-01-06
652,125,19669,auto,True,2024-08-18
653,141,3657,personal,False,2025-08-02
654,27,37985,personal,True,2023-03-25
655,315,5836,personal,True,2023-09-07
656,321,7665,auto,True,2024-10-27
657,448,28118,personal,True,2024-02-20
658,281,42780,home,True,2023-03-13
659,293,47996,auto,True,2024-09-12
660,242,14254,auto,True,2023-04-22
661,236,5709,business,False,2023-06-21
662,203,14990,personal,True,2024-11-29
663,457,28101,auto,True,2025-03-07
664,380,8145,home,True,2023-09-30
665,327,39008,auto,True,2024-06-13
666,142,37422,home,True,2024-11-10
667,94,35933,personal,True,2023-11-15
668,152,6518,auto,True,2023-03-23
669,253,26874,personal,True,2023-03-16
670,67,6213,business,False,2024-03-04
671,176,46339,home,False,2024-04-04
672,103,30572,home,True,2025-04-26
673,91,22035,auto,True,2023-12-12
674,193,31820,personal,False,2023-09-06
675,166,28063,personal,True,2024-10-04
676,90,48595,home,True,2024-01-22
677,326,19462,personal,False,2025-07-22
678,315,1526,personal,True,2025-05-16
679,490,4973,auto,False,2024-12-13
680,268,5167,personal,True,2023-12-29
681,438,28389,auto,True,2023-10-23
682,51,26640,personal,True,2023-03-09
683,166,17470,auto,False,2024-03-13
684,174,16441,home,True,2024-06-15
685,227,29528,personal,True,2025-02-21
686,266,33952,personal,False,2024-08-27
687,9,22926,personal,False,2023-05-13
688,87,3768,business,False,2023-10-22
689,94,15693,personal,True,2023-10-23
690,52,28566,personal,False,2024-10-08
691,179,1158,auto,True,2025-08-25
692,278,34564,personal,True,2025-05-13
693,239,34793,business,False,2025-05-17
694,73,43542,home,True,2023-02-02
695,339,40418,auto,True,2024-01-09
696,72,8292,auto,True,2025-03-15
697,374,7104,personal,False,2023-02-01
698,68,48321,auto,True,2024-07-08
699,5,39057,auto,True,2025-08-16
700,339,7920,personal,True,2025-03-14
701,238,39021,personal,True,2025-05-15
702,466,48812,business,False,2023-11-01
703,121,23518,personal,True,2025-03-03
704,413,5608,auto,True,2023-04-18
705,211,27650,personal,False,2023-04-06
706,262,5747,personal,True,2023-03-07
707,325,8901,home,True,2024-06-04
708,58,17507,personal,True,2023-08-18
709,43,10497,auto,False,2025-01-02
710,197,5761,personal,True,2023-12-24
711,72,4768,personal,True,2024-02-06
712,91,6484,business,True,2025-02-28
713,37,21426,auto,True,2023-04-09
714,491,32362,business,False,2023-09-28
715,314,32958,business,False,2025-02-13
716,237,510,business,True,2025-06-27
717,486,17644,home,True,2023-12-28
718,383,26403,personal,False,2023-06-13
719,293,1677,business,True,2024-06-11
720,466,27446,personal,True,2023-06-18
721,154,9668,personal,False,2023-01-21
722,170,2889,personal,True,2024-06-23
723,272,6864,personal,True,2025-04-21
724,406,27533,auto,True,2024-08-17
725,110,49045,personal,False,2025-02-23
726,151,12365,personal,True,2025-04-12
727,431,19436,personal,False,2024-02-01
728,451,12827,personal,False,2023-02-05
729,131,32752,home,False,2024-05-09
730,268,35578,personal,False,2023-11-10
731,23,4241,personal,True,2024-05-04
732,367,40553,personal,False,2023-10-03
733,139,24501,personal,True,2023-08-21
734,490,4339,auto,False,2024-09-07
735,308,40849,personal,True,2024-03-11
736,239,19639,personal,True,2023-01-06
737,434,47405,personal,True,2024-06-18
738,441,25898,personal,False,2024-11-12
739,192,25536,business,True,2024-10-25
740,127,38505,personal,True,2023-09-01
741,430,45772,home,False,2023-08-29
742,29,2240,auto,True,2025-02-11
743,121,19008,personal,True,2025-07-16
744,198,32111,business,True,2024-07-11
745,174,5791,home,True,2023-09-30
746,144,31609,auto,True,2023-03-16
747,482,19981,personal,False,2023-10-10
748,179,5747,auto,True,2024-12-08
749,357,42113,personal,True,2024-06-18
750,11,21883,personal,True,2023-03-28
751,139,45001,home,False,2025-05-30
752,447,25819,home,True,2024-09-24
753,437,39834,personal,True,2025-07-18
754,253,24228,home,True,2023-05-29
755,345,34120,auto,False,2023-05-30
756,314,30942,personal,False,2024-07-30
757,19,21810,personal,True,2023-06-09
758,160,43021,personal,True,2024-03-21
759,306,21952,home,True,2025-03-06
760,122,12637,home,True,2023-03-23
761,72,44136,personal,True,2023-01-07
762,55,15405,auto,True,2023-07-01
763,460,22273,home,True,2025-05-19
764,169,30524,home,False,2025-08-23
765,99,18202,personal,True,2024-06-09
766,70,17005,auto,True,2024-04-22
767,149,4754,home,True,2023-07-02
768,117,49507,personal,True,2023-11-10
769,26,8998,personal,True,2024-07-09
770,248,12674,home,True,2023-06-23
771,385,29922,personal,False,2023-01-14
772,209,30233,home,False,2023-10-27
773,227,2396,personal,False,2025-07-25
774,411,46146,personal,True,2023-03-14
775,434,39244,personal,False,2025-01-04
776,114,4411,personal,True,2024-05-28
777,194,49605,personal,True,2024-12-22
778,484,8840,auto,True,2025-02-11
779,321,17923,personal,True,2024-08-24
780,10,42850,business,False,2023-12-09
781,95,37172,auto,True,2024-01-31
782,121,5376,personal,True,2025-04-25
783,126,41577,personal,True,2025-02-02
784,37,1203,auto,False,2025-06-13
785,69,38738,personal,False,2023-11-29
786,297,6940,personal,True,2023-12-21
787,174,32437,home,True,2024-07-12
788,461,2524,personal,False,2025-04-26
789,45,16251,personal,True,2023-06-12
790,123,13230,auto,True,2023-04-26
791,382,21880,auto,True,2024-02-07
792,472,29472,personal,True,2023-03-20
793,27,37613,home,True,2024-03-22
794,193,10649,auto,True,2025-06-01
795,497,38902,auto,True,2023-01-08
796,340,17881,personal,False,2023-01-23
797,136,32859,business,True,2025-02-19
798,195,44308,personal,True,2025-03-01
799,49,743,auto,True,2024-06-26
800,96,2914,personal,True,2024-02-18
